{
    "loss": 0.3577,
    "accuracy": 0.9375,
    "f1_score": 0.9374517653868417,
    "precision": 0.9432181624345802,
    "recall": 0.9375,
    "auc": 0.9957971014492754
}